id,date,temperature,humidity,covid_cases
1,2018-01-01,29.7,43.6,79
2,2018-01-02,23.1,63.0,81
3,2018-01-03,26.9,65.0,74
4,2018-01-04,27.4,71.6,98
5,2018-01-05,30.3,65.4,107
6,2018-01-06,27.4,29.1,79
7,2018-01-07,27.2,66.5,70
8,2018-01-08,24.5,73.1,75
9,2018-01-09,25.9,78.3,73
10,2018-01-10,20.1,38.6,60
11,2018-01-11,26.0,64.0,69
12,2018-01-12,23.4,74.1,79
13,2018-01-13,24.4,51.6,79
14,2018-01-14,20.2,67.1,70
15,2018-01-15,21.5,72.6,83
16,2018-01-16,27.8,70.7,95
17,2018-01-17,27.6,63.9,80
18,2018-01-18,21.2,73.8,63
19,2018-01-19,24.1,60.9,67
20,2018-01-20,20.2,73.4,66
21,2018-01-21,26.2,70.5,101
22,2018-01-22,26.2,49.6,74
23,2018-01-23,27.1,61.2,75
24,2018-01-24,26.7,66.5,92
25,2018-01-25,27.6,49.7,83
26,2018-01-26,20.3,63.3,71
27,2018-01-27,28.2,82.7,105
28,2018-01-28,30.6,41.9,88
29,2018-01-29,23.2,72.6,84
30,2018-01-30,28.5,46.2,78
31,2018-01-31,16.4,60.1,57
32,2018-02-01,25.6,69.2,73
33,2018-02-02,26.1,58.3,91
34,2018-02-03,17.9,72.1,68
35,2018-02-04,18.4,62.7,64
36,2018-02-05,23.7,62.5,76
37,2018-02-06,26.8,56.4,95
38,2018-02-07,25.0,86.7,97
39,2018-02-08,27.6,65.8,88
40,2018-02-09,26.7,76.4,97
41,2018-02-10,26.6,73.2,84
42,2018-02-11,21.9,56.8,62
43,2018-02-12,23.9,71.1,81
44,2018-02-13,20.7,64.8,83
45,2018-02-14,24.4,55.4,57
46,2018-02-15,32.0,57.5,90
47,2018-02-16,25.8,47.5,71
48,2018-02-17,22.8,46.8,72
49,2018-02-18,25.5,56.1,88
50,2018-02-19,25.5,49.0,96
51,2018-02-20,19.3,76.5,71
52,2018-02-21,22.6,83.1,76
53,2018-02-22,25.7,72.9,101
54,2018-02-23,22.1,62.7,76
55,2018-02-24,24.0,55.9,73
56,2018-02-25,25.5,46.0,80
57,2018-02-26,26.0,58.2,81
58,2018-02-27,30.0,50.7,95
59,2018-02-28,27.2,56.4,85
60,2018-03-01,26.9,56.5,91
61,2018-03-02,30.8,50.2,92
62,2018-03-03,26.2,61.3,75
63,2018-03-04,26.0,44.8,75
64,2018-03-05,21.5,42.6,43
65,2018-03-06,24.6,67.4,63
66,2018-03-07,31.5,75.4,96
67,2018-03-08,24.8,54.8,64
68,2018-03-09,26.4,54.8,67
69,2018-03-10,22.4,61.7,84
70,2018-03-11,25.4,63.2,81
71,2018-03-12,17.8,64.0,73
72,2018-03-13,25.9,54.8,68
73,2018-03-14,21.5,37.7,57
74,2018-03-15,22.7,57.7,71
75,2018-03-16,26.9,74.1,86
76,2018-03-17,21.6,59.0,73
77,2018-03-18,31.2,62.1,90
78,2018-03-19,27.6,48.3,79
79,2018-03-20,24.0,70.7,74
80,2018-03-21,23.9,47.6,74
81,2018-03-22,26.3,40.1,78
82,2018-03-23,26.7,72.0,79
83,2018-03-24,20.5,75.0,78
84,2018-03-25,26.3,49.4,66
85,2018-03-26,21.4,68.6,77
86,2018-03-27,27.0,38.9,80
87,2018-03-28,29.5,51.4,89
88,2018-03-29,24.4,60.5,66
89,2018-03-30,30.8,66.2,91
90,2018-03-31,29.0,66.2,87
91,2018-04-01,22.5,49.9,65
92,2018-04-02,23.9,66.4,80
93,2018-04-03,28.0,57.2,80
94,2018-04-04,21.6,50.5,75
95,2018-04-05,26.4,54.3,79
96,2018-04-06,21.8,59.4,67
97,2018-04-07,24.1,63.5,89
98,2018-04-08,23.7,56.2,67
99,2018-04-09,25.2,43.4,98
100,2018-04-10,24.5,64.7,74
101,2018-04-11,26.7,55.8,93
102,2018-04-12,26.0,67.0,98
103,2018-04-13,27.3,59.0,79
104,2018-04-14,23.2,43.5,53
105,2018-04-15,25.4,53.0,86
106,2018-04-16,21.7,60.7,71
107,2018-04-17,26.6,49.0,65
108,2018-04-18,22.4,64.4,83
109,2018-04-19,25.4,68.9,86
110,2018-04-20,31.4,81.4,115
111,2018-04-21,24.8,77.0,97
112,2018-04-22,23.2,56.9,71
113,2018-04-23,29.1,50.2,98
114,2018-04-24,22.1,59.9,66
115,2018-04-25,16.5,53.4,48
116,2018-04-26,25.3,61.8,91
117,2018-04-27,22.8,56.8,86
118,2018-04-28,28.6,69.0,104
119,2018-04-29,23.1,60.1,66
120,2018-04-30,26.3,57.1,84
121,2018-05-01,21.5,72.4,69
122,2018-05-02,25.3,52.1,73
123,2018-05-03,25.6,61.6,87
124,2018-05-04,28.9,46.8,93
125,2018-05-05,28.0,67.8,86
126,2018-05-06,27.4,67.1,64
127,2018-05-07,24.9,64.6,83
128,2018-05-08,23.8,45.9,85
129,2018-05-09,21.4,72.9,79
130,2018-05-10,26.2,67.6,114
131,2018-05-11,26.2,72.6,90
132,2018-05-12,23.5,67.7,70
133,2018-05-13,24.1,75.1,97
134,2018-05-14,21.9,69.5,78
135,2018-05-15,24.2,62.4,59
136,2018-05-16,20.1,49.8,52
137,2018-05-17,25.5,61.8,72
138,2018-05-18,19.6,59.5,48
139,2018-05-19,27.4,69.9,95
140,2018-05-20,23.6,71.5,83
141,2018-05-21,29.9,59.4,103
142,2018-05-22,22.4,70.2,76
143,2018-05-23,18.5,57.9,56
144,2018-05-24,26.6,51.6,68
145,2018-05-25,22.2,63.3,93
146,2018-05-26,25.5,48.5,91
147,2018-05-27,23.4,57.4,68
148,2018-05-28,24.9,66.8,95
149,2018-05-29,19.5,63.5,74
150,2018-05-30,19.0,46.7,53
151,2018-05-31,26.3,67.0,72
152,2018-06-01,24.8,56.4,82
153,2018-06-02,26.5,65.9,63
154,2018-06-03,27.2,63.9,85
155,2018-06-04,29.2,63.8,84
156,2018-06-05,24.1,66.2,101
157,2018-06-06,26.1,44.7,73
158,2018-06-07,24.6,71.1,82
159,2018-06-08,28.5,47.6,80
160,2018-06-09,28.6,65.6,93
161,2018-06-10,23.6,60.4,70
162,2018-06-11,32.2,56.2,102
163,2018-06-12,28.3,66.4,94
164,2018-06-13,23.8,52.9,75
165,2018-06-14,18.8,66.9,76
166,2018-06-15,26.6,57.2,72
167,2018-06-16,20.8,63.8,67
168,2018-06-17,24.2,62.1,87
169,2018-06-18,24.6,64.2,84
170,2018-06-19,24.2,58.7,67
171,2018-06-20,26.5,68.3,85
172,2018-06-21,23.0,65.1,81
173,2018-06-22,23.9,58.5,84
174,2018-06-23,25.9,59.0,59
175,2018-06-24,26.1,59.5,72
176,2018-06-25,24.8,69.3,70
177,2018-06-26,26.3,69.5,82
178,2018-06-27,24.4,65.2,74
179,2018-06-28,27.5,52.8,94
180,2018-06-29,24.5,71.2,80
181,2018-06-30,28.4,65.4,91
182,2018-07-01,25.9,57.8,91
183,2018-07-02,23.1,59.5,69
184,2018-07-03,23.8,67.2,78
185,2018-07-04,27.0,62.1,94
186,2018-07-05,20.1,49.9,74
187,2018-07-06,27.6,47.7,81
188,2018-07-07,23.8,52.0,91
189,2018-07-08,28.4,62.5,92
190,2018-07-09,22.2,65.3,58
191,2018-07-10,26.9,51.3,64
192,2018-07-11,25.7,76.8,91
193,2018-07-12,24.1,74.4,92
194,2018-07-13,25.3,47.4,73
195,2018-07-14,26.7,55.8,88
196,2018-07-15,20.4,52.6,90
197,2018-07-16,21.5,46.9,68
198,2018-07-17,21.6,60.8,65
199,2018-07-18,21.0,64.4,81
200,2018-07-19,26.9,47.6,99
201,2018-07-20,22.3,72.8,73
202,2018-07-21,25.0,55.6,89
203,2018-07-22,23.0,68.7,86
204,2018-07-23,25.6,55.1,82
205,2018-07-24,28.3,52.7,87
206,2018-07-25,23.2,69.5,88
207,2018-07-26,18.7,53.4,86
208,2018-07-27,22.1,39.8,60
209,2018-07-28,31.8,54.4,85
210,2018-07-29,21.3,52.9,82
211,2018-07-30,22.1,65.2,74
212,2018-07-31,25.5,56.3,84
213,2018-08-01,24.1,49.1,60
214,2018-08-02,19.9,40.6,72
215,2018-08-03,27.4,54.6,67
216,2018-08-04,28.0,55.9,93
217,2018-08-05,27.4,64.4,80
218,2018-08-06,24.6,52.9,87
219,2018-08-07,24.8,57.2,86
220,2018-08-08,24.1,60.3,91
221,2018-08-09,23.0,72.0,78
222,2018-08-10,29.7,56.2,80
223,2018-08-11,25.9,70.1,67
224,2018-08-12,26.5,53.9,82
225,2018-08-13,26.1,60.4,83
226,2018-08-14,24.7,43.4,63
227,2018-08-15,28.3,75.3,96
228,2018-08-16,23.2,53.6,77
229,2018-08-17,21.2,52.6,51
230,2018-08-18,27.1,50.1,71
231,2018-08-19,21.6,59.0,80
232,2018-08-20,27.8,64.0,92
233,2018-08-21,22.0,73.0,86
234,2018-08-22,29.0,61.7,81
235,2018-08-23,23.2,60.1,82
236,2018-08-24,28.4,51.4,101
237,2018-08-25,16.9,57.2,63
238,2018-08-26,23.8,57.3,68
239,2018-08-27,27.9,52.1,79
240,2018-08-28,21.3,55.1,51
241,2018-08-29,25.4,78.6,83
242,2018-08-30,27.7,66.9,98
243,2018-08-31,29.2,54.6,71
244,2018-09-01,20.8,51.6,71
245,2018-09-02,18.2,76.2,77
246,2018-09-03,25.5,67.8,73
247,2018-09-04,25.0,46.4,69
248,2018-09-05,25.0,65.9,81
249,2018-09-06,25.3,52.5,72
250,2018-09-07,23.2,38.3,59
251,2018-09-08,27.0,70.4,107
252,2018-09-09,28.3,47.7,62
253,2018-09-10,27.0,74.6,86
254,2018-09-11,27.1,59.5,87
255,2018-09-12,25.8,75.8,91
256,2018-09-13,24.7,59.8,66
257,2018-09-14,22.8,62.8,67
258,2018-09-15,24.4,38.3,73
259,2018-09-16,24.1,60.0,97
260,2018-09-17,26.0,62.5,90
261,2018-09-18,26.4,57.4,80
262,2018-09-19,24.0,49.7,71
263,2018-09-20,28.4,57.6,85
264,2018-09-21,27.8,76.9,101
265,2018-09-22,25.0,72.3,81
266,2018-09-23,21.9,50.5,73
267,2018-09-24,24.9,60.0,71
268,2018-09-25,23.1,57.2,87
269,2018-09-26,25.9,52.4,74
270,2018-09-27,24.5,77.0,93
271,2018-09-28,23.0,61.0,78
272,2018-09-29,27.6,55.5,96
273,2018-09-30,29.4,59.6,104
274,2018-10-01,24.1,61.2,46
275,2018-10-02,25.0,64.0,85
276,2018-10-03,21.8,56.8,89
277,2018-10-04,28.0,55.3,79
278,2018-10-05,20.7,75.1,70
279,2018-10-06,21.4,61.1,79
280,2018-10-07,25.1,71.3,98
281,2018-10-08,27.2,60.5,87
282,2018-10-09,28.2,57.4,88
283,2018-10-10,22.8,53.9,58
284,2018-10-11,20.2,53.6,68
285,2018-10-12,33.4,50.1,90
286,2018-10-13,25.4,54.4,72
287,2018-10-14,21.4,76.1,90
288,2018-10-15,25.1,57.0,75
289,2018-10-16,21.6,59.7,68
290,2018-10-17,23.7,50.8,64
291,2018-10-18,23.1,63.0,82
292,2018-10-19,24.1,69.5,93
293,2018-10-20,20.7,47.3,50
294,2018-10-21,24.1,60.8,94
295,2018-10-22,28.4,52.9,76
296,2018-10-23,27.1,62.0,77
297,2018-10-24,25.5,49.7,84
298,2018-10-25,25.2,66.0,72
299,2018-10-26,20.1,58.9,81
300,2018-10-27,21.3,58.2,60
301,2018-10-28,31.6,52.1,83
302,2018-10-29,22.6,78.0,80
303,2018-10-30,25.6,81.6,92
304,2018-10-31,26.6,74.6,90
305,2018-11-01,24.2,72.4,72
306,2018-11-02,29.1,41.1,76
307,2018-11-03,27.8,54.5,98
308,2018-11-04,27.0,48.5,94
309,2018-11-05,24.2,76.7,108
310,2018-11-06,22.4,72.2,80
311,2018-11-07,27.3,48.7,80
312,2018-11-08,30.3,61.9,89
313,2018-11-09,25.8,51.2,66
314,2018-11-10,23.1,52.9,56
315,2018-11-11,25.2,62.5,95
316,2018-11-12,23.3,60.0,72
317,2018-11-13,29.8,57.3,84
318,2018-11-14,27.2,49.9,75
319,2018-11-15,25.7,65.9,96
320,2018-11-16,27.2,47.8,83
321,2018-11-17,22.0,58.2,79
322,2018-11-18,28.4,64.9,81
323,2018-11-19,25.9,56.1,76
324,2018-11-20,30.9,63.7,93
325,2018-11-21,24.8,53.6,59
326,2018-11-22,23.3,36.5,48
327,2018-11-23,19.2,60.7,74
328,2018-11-24,27.0,71.5,95
329,2018-11-25,23.8,63.6,86
330,2018-11-26,22.7,60.9,72
331,2018-11-27,24.1,56.8,78
332,2018-11-28,23.0,48.2,77
333,2018-11-29,23.9,79.7,75
334,2018-11-30,24.7,66.0,72
335,2018-12-01,21.3,61.4,64
336,2018-12-02,28.4,66.5,87
337,2018-12-03,27.6,58.9,85
338,2018-12-04,25.0,69.5,67
339,2018-12-05,31.2,70.0,97
340,2018-12-06,19.6,58.4,61
341,2018-12-07,19.0,51.0,52
342,2018-12-08,27.0,67.1,70
343,2018-12-09,26.8,68.1,90
344,2018-12-10,25.0,74.2,79
345,2018-12-11,26.0,48.1,72
346,2018-12-12,30.1,58.8,77
347,2018-12-13,28.2,49.4,82
348,2018-12-14,18.7,88.9,89
349,2018-12-15,26.7,78.7,97
350,2018-12-16,25.3,61.1,73
351,2018-12-17,23.8,69.5,87
352,2018-12-18,23.4,57.8,80
353,2018-12-19,28.3,72.0,82
354,2018-12-20,26.1,63.2,74
355,2018-12-21,22.6,62.4,84
356,2018-12-22,22.9,58.3,84
357,2018-12-23,24.7,57.9,72
358,2018-12-24,27.3,55.1,66
359,2018-12-25,28.0,61.3,78
360,2018-12-26,28.8,69.0,111
361,2018-12-27,27.2,70.5,91
362,2018-12-28,23.4,54.5,74
363,2018-12-29,22.6,52.0,76
364,2018-12-30,27.2,55.0,73
365,2018-12-31,25.2,51.5,59
366,2019-01-01,26.8,54.1,81
367,2019-01-02,26.8,85.1,92
368,2019-01-03,21.7,74.4,108
369,2019-01-04,26.0,61.3,92
370,2019-01-05,17.4,79.4,86
371,2019-01-06,26.5,55.6,102
372,2019-01-07,25.8,44.7,82
373,2019-01-08,22.3,51.9,75
374,2019-01-09,23.3,66.3,81
375,2019-01-10,20.5,68.6,59
376,2019-01-11,20.0,69.3,79
377,2019-01-12,22.4,75.8,91
378,2019-01-13,25.2,65.7,66
379,2019-01-14,26.2,60.8,103
380,2019-01-15,25.3,86.1,72
381,2019-01-16,23.9,66.4,87
382,2019-01-17,22.4,60.3,72
383,2019-01-18,25.0,61.9,74
384,2019-01-19,24.0,86.7,89
385,2019-01-20,27.2,55.7,73
386,2019-01-21,23.6,48.1,70
387,2019-01-22,22.4,62.9,93
388,2019-01-23,22.9,73.7,97
389,2019-01-24,26.1,66.8,88
390,2019-01-25,22.5,61.6,77
391,2019-01-26,25.6,54.3,63
392,2019-01-27,28.2,62.8,85
393,2019-01-28,22.5,50.9,56
394,2019-01-29,24.6,51.7,70
395,2019-01-30,18.9,57.9,62
396,2019-01-31,21.1,63.3,90
397,2019-02-01,25.6,68.0,84
398,2019-02-02,24.7,52.7,69
399,2019-02-03,26.1,36.0,69
400,2019-02-04,30.1,64.3,89
401,2019-02-05,26.4,48.0,67
402,2019-02-06,25.0,57.6,79
403,2019-02-07,27.4,50.0,88
404,2019-02-08,23.7,64.2,72
405,2019-02-09,21.8,84.3,75
406,2019-02-10,29.5,43.7,73
407,2019-02-11,25.2,47.3,70
408,2019-02-12,26.9,66.1,92
409,2019-02-13,24.8,62.2,73
410,2019-02-14,20.5,54.7,72
411,2019-02-15,24.0,61.6,89
412,2019-02-16,24.4,71.5,95
413,2019-02-17,27.9,64.7,98
414,2019-02-18,22.7,81.2,92
415,2019-02-19,21.5,65.1,89
416,2019-02-20,22.2,60.1,58
417,2019-02-21,22.0,55.5,73
418,2019-02-22,31.1,50.3,98
419,2019-02-23,24.3,59.4,82
420,2019-02-24,27.8,51.9,80
421,2019-02-25,28.2,62.6,99
422,2019-02-26,23.7,60.0,75
423,2019-02-27,22.4,63.2,71
424,2019-02-28,22.6,59.7,83
425,2019-03-01,20.8,59.3,65
426,2019-03-02,29.2,60.3,97
427,2019-03-03,27.1,71.0,107
428,2019-03-04,23.8,92.8,92
429,2019-03-05,29.5,71.5,94
430,2019-03-06,32.6,54.0,97
431,2019-03-07,30.5,63.0,83
432,2019-03-08,27.2,40.6,77
433,2019-03-09,26.3,79.5,78
434,2019-03-10,24.0,71.6,80
435,2019-03-11,18.2,59.4,50
436,2019-03-12,27.4,67.4,74
437,2019-03-13,26.1,66.9,85
438,2019-03-14,23.1,58.8,73
439,2019-03-15,25.7,45.8,63
440,2019-03-16,24.9,49.5,52
441,2019-03-17,24.8,46.5,65
442,2019-03-18,27.2,59.9,72
443,2019-03-19,29.5,50.8,81
444,2019-03-20,27.9,60.7,80
445,2019-03-21,25.0,58.9,63
446,2019-03-22,29.2,55.9,70
447,2019-03-23,29.1,38.0,80
448,2019-03-24,21.1,46.1,56
449,2019-03-25,27.2,79.7,80
450,2019-03-26,22.7,64.3,57
451,2019-03-27,28.3,54.0,74
452,2019-03-28,19.8,41.0,55
453,2019-03-29,20.7,66.8,80
454,2019-03-30,27.5,60.1,76
455,2019-03-31,29.2,81.5,93
456,2019-04-01,21.9,64.0,69
457,2019-04-02,23.9,59.8,85
458,2019-04-03,27.5,40.2,80
459,2019-04-04,25.8,62.6,96
460,2019-04-05,21.2,47.4,67
461,2019-04-06,30.3,50.9,83
462,2019-04-07,19.6,50.5,79
463,2019-04-08,29.3,63.3,85
464,2019-04-09,26.8,50.1,69
465,2019-04-10,22.3,76.2,82
466,2019-04-11,24.4,62.9,79
467,2019-04-12,20.0,59.8,68
468,2019-04-13,29.4,51.0,69
469,2019-04-14,29.1,77.2,85
470,2019-04-15,26.7,55.2,86
471,2019-04-16,24.6,88.8,86
472,2019-04-17,25.3,65.1,78
473,2019-04-18,24.7,59.3,83
474,2019-04-19,30.1,73.1,89
475,2019-04-20,24.0,54.5,78
476,2019-04-21,25.8,39.6,70
477,2019-04-22,25.1,62.9,84
478,2019-04-23,25.0,62.6,72
479,2019-04-24,22.9,57.9,60
480,2019-04-25,22.7,55.6,88
481,2019-04-26,26.5,65.1,84
482,2019-04-27,28.3,64.3,81
483,2019-04-28,25.4,68.0,100
484,2019-04-29,29.3,51.7,81
485,2019-04-30,21.9,73.2,73
486,2019-05-01,23.7,60.3,83
487,2019-05-02,24.9,46.3,66
488,2019-05-03,25.0,51.9,63
489,2019-05-04,31.3,52.1,96
490,2019-05-05,27.7,28.3,70
491,2019-05-06,22.6,67.1,57
492,2019-05-07,20.6,63.0,86
493,2019-05-08,26.5,68.8,75
494,2019-05-09,26.1,50.4,84
495,2019-05-10,19.5,77.6,73
496,2019-05-11,23.5,76.3,83
497,2019-05-12,25.5,65.8,84
498,2019-05-13,28.8,75.1,97
499,2019-05-14,19.8,50.8,62
500,2019-05-15,20.4,59.4,58
501,2019-05-16,30.1,59.2,88
502,2019-05-17,25.5,61.1,68
503,2019-05-18,24.5,51.2,76
504,2019-05-19,29.4,63.5,89
505,2019-05-20,27.0,71.3,92
506,2019-05-21,20.3,51.7,59
507,2019-05-22,23.2,78.7,79
508,2019-05-23,31.0,58.5,95
509,2019-05-24,20.6,42.6,58
510,2019-05-25,25.7,69.0,120
511,2019-05-26,20.2,63.6,79
512,2019-05-27,25.6,63.6,103
513,2019-05-28,25.6,51.8,71
514,2019-05-29,22.9,57.1,72
515,2019-05-30,27.3,55.7,79
516,2019-05-31,22.5,46.9,62
517,2019-06-01,28.7,67.1,90
518,2019-06-02,27.1,101.0,107
519,2019-06-03,26.8,69.0,80
520,2019-06-04,19.5,51.1,72
521,2019-06-05,23.9,43.2,70
522,2019-06-06,27.7,50.1,64
523,2019-06-07,27.3,56.7,68
524,2019-06-08,22.1,44.5,74
525,2019-06-09,27.5,60.7,78
526,2019-06-10,22.4,56.6,73
527,2019-06-11,26.1,48.2,73
528,2019-06-12,29.7,70.5,94
529,2019-06-13,26.2,51.1,75
530,2019-06-14,31.3,79.4,103
531,2019-06-15,23.9,64.3,83
532,2019-06-16,20.8,65.3,69
533,2019-06-17,25.8,57.5,98
534,2019-06-18,20.0,65.2,76
535,2019-06-19,28.4,51.4,87
536,2019-06-20,31.2,66.1,109
537,2019-06-21,25.2,54.1,58
538,2019-06-22,26.9,62.7,76
539,2019-06-23,24.5,48.4,74
540,2019-06-24,29.4,61.3,91
541,2019-06-25,23.1,56.7,82
542,2019-06-26,32.0,42.8,67
543,2019-06-27,15.4,40.4,40
544,2019-06-28,28.2,58.9,74
545,2019-06-29,29.3,60.8,98
546,2019-06-30,25.6,59.0,84
547,2019-07-01,22.2,63.7,74
548,2019-07-02,19.4,49.1,66
549,2019-07-03,24.9,71.4,74
550,2019-07-04,27.7,64.6,95
551,2019-07-05,24.2,56.9,61
552,2019-07-06,30.2,63.0,98
553,2019-07-07,27.3,76.8,92
554,2019-07-08,28.1,63.4,87
555,2019-07-09,28.9,51.1,48
556,2019-07-10,28.4,81.3,99
557,2019-07-11,25.7,63.2,70
558,2019-07-12,23.6,51.7,72
559,2019-07-13,28.3,64.1,89
560,2019-07-14,29.7,64.8,87
561,2019-07-15,24.0,47.4,79
562,2019-07-16,22.8,77.7,87
563,2019-07-17,30.3,53.0,91
564,2019-07-18,23.9,69.0,100
565,2019-07-19,25.0,39.6,53
566,2019-07-20,22.3,80.0,76
567,2019-07-21,24.5,73.1,74
568,2019-07-22,27.5,61.8,83
569,2019-07-23,23.7,40.4,66
570,2019-07-24,28.5,84.9,99
571,2019-07-25,28.7,51.6,67
572,2019-07-26,21.3,66.7,66
573,2019-07-27,23.6,61.0,80
574,2019-07-28,24.5,63.5,81
575,2019-07-29,23.1,61.9,63
576,2019-07-30,21.2,63.9,67
577,2019-07-31,22.2,51.5,78
578,2019-08-01,30.2,58.6,93
579,2019-08-02,26.2,56.1,64
580,2019-08-03,24.6,72.9,75
581,2019-08-04,25.1,59.0,70
582,2019-08-05,24.6,50.6,64
583,2019-08-06,21.5,54.0,71
584,2019-08-07,21.6,56.5,66
585,2019-08-08,26.9,57.9,65
586,2019-08-09,25.7,62.5,68
587,2019-08-10,28.1,67.2,91
588,2019-08-11,31.4,79.0,95
589,2019-08-12,21.2,57.6,57
590,2019-08-13,28.8,69.0,103
591,2019-08-14,22.8,51.8,76
592,2019-08-15,22.7,67.7,78
593,2019-08-16,29.0,60.4,63
594,2019-08-17,25.7,55.2,69
595,2019-08-18,25.4,66.0,99
596,2019-08-19,17.4,65.8,63
597,2019-08-20,26.0,52.3,78
598,2019-08-21,18.5,50.3,62
599,2019-08-22,30.7,56.5,74
600,2019-08-23,26.9,62.5,79
601,2019-08-24,24.1,62.0,94
602,2019-08-25,26.5,76.8,88
603,2019-08-26,29.8,35.4,87
604,2019-08-27,25.0,84.8,91
605,2019-08-28,25.4,60.7,81
606,2019-08-29,23.1,56.2,79
607,2019-08-30,23.2,50.8,90
608,2019-08-31,21.8,72.9,79
609,2019-09-01,29.1,54.6,77
610,2019-09-02,19.3,50.9,62
611,2019-09-03,25.5,63.8,81
612,2019-09-04,22.8,57.4,79
613,2019-09-05,29.3,65.8,90
614,2019-09-06,23.7,81.3,108
615,2019-09-07,23.7,56.6,87
616,2019-09-08,24.1,59.1,78
617,2019-09-09,22.2,43.2,68
618,2019-09-10,14.7,56.0,58
619,2019-09-11,24.6,62.4,71
620,2019-09-12,27.5,47.7,96
621,2019-09-13,24.8,81.7,88
622,2019-09-14,21.8,67.5,51
623,2019-09-15,21.3,65.4,79
624,2019-09-16,26.2,47.6,82
625,2019-09-17,18.4,65.7,65
626,2019-09-18,25.3,74.7,77
627,2019-09-19,26.0,61.7,74
628,2019-09-20,28.6,64.5,94
629,2019-09-21,25.1,56.5,80
630,2019-09-22,28.9,54.2,88
631,2019-09-23,26.9,51.0,74
632,2019-09-24,29.7,68.1,84
633,2019-09-25,24.7,55.8,83
634,2019-09-26,29.7,62.9,92
635,2019-09-27,26.8,76.3,91
636,2019-09-28,25.3,54.3,69
637,2019-09-29,28.0,44.4,88
638,2019-09-30,21.0,50.1,46
639,2019-10-01,27.2,42.4,95
640,2019-10-02,27.7,58.3,85
641,2019-10-03,18.2,54.3,63
642,2019-10-04,25.8,63.8,94
643,2019-10-05,25.4,68.2,75
644,2019-10-06,20.4,56.5,55
645,2019-10-07,24.8,56.8,82
646,2019-10-08,22.0,77.0,83
647,2019-10-09,26.4,53.8,89
648,2019-10-10,25.8,58.3,66
649,2019-10-11,26.4,66.6,74
650,2019-10-12,25.7,61.4,60
651,2019-10-13,23.0,80.4,79
652,2019-10-14,23.4,64.7,73
653,2019-10-15,19.0,61.8,65
654,2019-10-16,24.5,62.6,86
655,2019-10-17,24.5,60.1,85
656,2019-10-18,22.9,62.4,91
657,2019-10-19,26.9,70.5,95
658,2019-10-20,22.8,51.6,79
659,2019-10-21,23.7,52.7,75
660,2019-10-22,23.1,59.6,64
661,2019-10-23,29.0,59.7,81
662,2019-10-24,26.0,55.7,81
663,2019-10-25,26.5,59.5,65
664,2019-10-26,24.4,69.1,81
665,2019-10-27,27.7,57.4,88
666,2019-10-28,23.5,52.6,52
667,2019-10-29,24.6,81.1,84
668,2019-10-30,28.3,59.5,87
669,2019-10-31,20.3,54.8,66
670,2019-11-01,27.1,65.3,112
671,2019-11-02,24.9,67.4,86
672,2019-11-03,25.9,52.9,78
673,2019-11-04,24.7,44.2,69
674,2019-11-05,26.9,76.4,83
675,2019-11-06,22.0,56.6,55
676,2019-11-07,24.6,73.9,72
677,2019-11-08,29.2,53.1,85
678,2019-11-09,26.4,60.7,99
679,2019-11-10,21.5,75.6,97
680,2019-11-11,25.0,61.4,83
681,2019-11-12,28.8,60.3,84
682,2019-11-13,24.1,58.3,86
683,2019-11-14,23.9,59.3,90
684,2019-11-15,32.0,59.7,100
685,2019-11-16,18.2,66.8,64
686,2019-11-17,27.8,61.1,94
687,2019-11-18,24.1,69.7,82
688,2019-11-19,20.8,62.8,72
689,2019-11-20,28.7,81.4,98
690,2019-11-21,20.7,60.5,79
691,2019-11-22,27.1,69.2,77
692,2019-11-23,25.4,74.8,101
693,2019-11-24,23.0,45.8,57
694,2019-11-25,24.0,65.5,74
695,2019-11-26,26.6,60.5,68
696,2019-11-27,23.4,44.5,57
697,2019-11-28,25.8,55.1,82
698,2019-11-29,29.5,73.5,114
699,2019-11-30,25.1,59.9,64
700,2019-12-01,26.8,76.3,101
701,2019-12-02,23.8,74.9,73
702,2019-12-03,24.9,64.4,80
703,2019-12-04,28.6,72.9,97
704,2019-12-05,29.0,63.6,85
705,2019-12-06,23.0,47.9,84
706,2019-12-07,26.2,69.6,78
707,2019-12-08,29.8,57.8,82
708,2019-12-09,29.9,49.6,85
709,2019-12-10,22.8,55.3,58
710,2019-12-11,23.6,47.6,60
711,2019-12-12,23.8,64.7,92
712,2019-12-13,28.3,61.2,94
713,2019-12-14,26.6,47.3,68
714,2019-12-15,17.8,53.1,52
715,2019-12-16,26.8,55.8,79
716,2019-12-17,23.6,63.6,90
717,2019-12-18,20.4,60.3,77
718,2019-12-19,26.1,71.1,89
719,2019-12-20,28.6,75.0,87
720,2019-12-21,25.8,87.8,89
721,2019-12-22,25.5,63.1,84
722,2019-12-23,20.1,53.3,60
723,2019-12-24,27.3,52.8,67
724,2019-12-25,23.0,46.4,60
725,2019-12-26,29.3,57.0,84
726,2019-12-27,26.2,68.5,64
727,2019-12-28,22.9,63.4,92
728,2019-12-29,27.3,65.0,100
729,2019-12-30,22.1,73.3,75
730,2019-12-31,22.2,69.6,75
731,2020-01-01,24.0,57.3,73
732,2020-01-02,26.6,62.3,91
733,2020-01-03,29.8,58.6,84
734,2020-01-04,29.4,63.2,94
735,2020-01-05,28.1,58.3,93
736,2020-01-06,24.1,38.9,69
737,2020-01-07,27.3,73.6,68
738,2020-01-08,24.1,49.0,67
739,2020-01-09,23.5,55.6,66
740,2020-01-10,29.1,79.1,109
741,2020-01-11,23.7,67.7,95
742,2020-01-12,25.6,66.1,87
743,2020-01-13,25.5,70.1,63
744,2020-01-14,22.2,68.8,70
745,2020-01-15,28.2,87.2,125
746,2020-01-16,26.6,66.0,88
747,2020-01-17,25.6,67.1,77
748,2020-01-18,21.4,64.1,73
749,2020-01-19,21.3,43.1,61
750,2020-01-20,26.8,77.3,93
751,2020-01-21,28.0,66.3,102
752,2020-01-22,30.5,45.1,80
753,2020-01-23,26.5,60.4,77
754,2020-01-24,19.1,59.6,66
755,2020-01-25,27.5,61.5,82
756,2020-01-26,25.7,63.8,101
757,2020-01-27,25.0,61.8,91
758,2020-01-28,19.9,49.6,58
759,2020-01-29,22.1,65.0,89
760,2020-01-30,25.4,50.8,69
761,2020-01-31,29.5,75.2,107
762,2020-02-01,24.4,54.2,80
763,2020-02-02,28.8,54.8,89
764,2020-02-03,29.4,43.5,61
765,2020-02-04,28.1,66.1,82
766,2020-02-05,25.7,73.6,76
767,2020-02-06,28.6,75.0,82
768,2020-02-07,24.5,70.4,83
769,2020-02-08,25.9,60.0,87
770,2020-02-09,16.1,72.7,76
771,2020-02-10,28.5,75.1,104
772,2020-02-11,21.2,72.9,80
773,2020-02-12,26.4,64.1,90
774,2020-02-13,29.2,39.5,98
775,2020-02-14,25.5,62.2,92
776,2020-02-15,25.3,63.2,87
777,2020-02-16,28.9,56.5,56
778,2020-02-17,26.1,70.9,70
779,2020-02-18,21.7,61.2,73
780,2020-02-19,23.4,52.5,77
781,2020-02-20,23.3,77.7,82
782,2020-02-21,28.2,57.8,95
783,2020-02-22,22.3,60.0,99
784,2020-02-23,25.6,65.7,67
785,2020-02-24,22.7,54.5,92
786,2020-02-25,21.8,64.8,77
787,2020-02-26,25.5,46.2,84
788,2020-02-27,26.0,42.3,83
789,2020-02-28,24.9,41.4,64
790,2020-02-29,27.6,53.0,82
791,2020-03-01,26.0,85.0,99
792,2020-03-02,22.9,53.2,64
793,2020-03-03,28.4,57.6,68
794,2020-03-04,25.3,50.6,80
795,2020-03-05,24.3,47.3,67
796,2020-03-06,22.6,59.8,70
797,2020-03-07,26.3,54.0,64
798,2020-03-08,28.5,64.5,97
799,2020-03-09,24.4,65.9,84
800,2020-03-10,25.9,68.3,78
801,2020-03-11,22.2,51.4,76
802,2020-03-12,22.2,46.8,63
803,2020-03-13,32.5,54.0,97
804,2020-03-14,24.2,71.5,99
805,2020-03-15,28.7,82.8,102
806,2020-03-16,22.2,52.7,72
807,2020-03-17,28.5,64.2,87
808,2020-03-18,27.8,70.6,70
809,2020-03-19,24.7,64.4,64
810,2020-03-20,26.8,73.6,87
811,2020-03-21,28.5,49.3,70
812,2020-03-22,25.8,65.9,69
813,2020-03-23,26.8,49.1,91
814,2020-03-24,21.5,62.8,80
815,2020-03-25,26.2,69.4,105
816,2020-03-26,22.3,77.4,74
817,2020-03-27,28.9,53.7,98
818,2020-03-28,23.2,47.5,68
819,2020-03-29,26.0,61.6,114
820,2020-03-30,24.1,64.9,77
821,2020-03-31,26.5,83.1,100
822,2020-04-01,23.4,40.3,86
823,2020-04-02,25.5,55.2,72
824,2020-04-03,24.0,69.2,60
825,2020-04-04,27.7,80.0,103
826,2020-04-05,30.4,59.0,91
827,2020-04-06,27.8,61.3,102
828,2020-04-07,25.4,69.1,84
829,2020-04-08,20.0,46.5,70
830,2020-04-09,24.2,60.7,83
831,2020-04-10,25.6,55.0,90
832,2020-04-11,23.8,47.2,70
833,2020-04-12,17.7,56.1,66
834,2020-04-13,23.8,39.9,73
835,2020-04-14,26.0,35.6,66
836,2020-04-15,25.5,67.3,60
837,2020-04-16,27.1,46.3,91
838,2020-04-17,23.6,56.7,95
839,2020-04-18,26.5,60.8,84
840,2020-04-19,28.7,57.1,72
841,2020-04-20,21.1,51.2,68
842,2020-04-21,31.7,67.2,103
843,2020-04-22,28.3,59.3,77
844,2020-04-23,25.7,42.0,54
845,2020-04-24,23.9,55.1,82
846,2020-04-25,20.8,73.9,77
847,2020-04-26,23.0,48.0,63
848,2020-04-27,21.1,74.5,73
849,2020-04-28,23.5,93.1,93
850,2020-04-29,24.2,56.3,77
851,2020-04-30,21.9,57.4,54
852,2020-05-01,24.0,51.4,57
853,2020-05-02,25.6,52.8,81
854,2020-05-03,23.3,63.5,79
855,2020-05-04,22.1,71.9,84
856,2020-05-05,23.1,46.2,65
857,2020-05-06,20.8,49.6,64
858,2020-05-07,24.9,49.3,77
859,2020-05-08,25.9,47.5,83
860,2020-05-09,19.4,45.0,55
861,2020-05-10,27.6,77.6,105
862,2020-05-11,24.7,47.9,77
863,2020-05-12,24.6,63.1,78
864,2020-05-13,29.4,65.8,116
865,2020-05-14,26.8,82.6,108
866,2020-05-15,23.4,84.5,82
867,2020-05-16,23.2,63.0,74
868,2020-05-17,29.4,64.3,98
869,2020-05-18,22.3,74.7,99
870,2020-05-19,21.9,45.8,74
871,2020-05-20,25.6,74.7,90
872,2020-05-21,27.2,60.1,64
873,2020-05-22,23.9,41.7,71
874,2020-05-23,20.0,54.4,67
875,2020-05-24,31.0,48.3,78
876,2020-05-25,24.1,62.6,72
877,2020-05-26,27.5,63.9,89
878,2020-05-27,23.6,58.2,81
879,2020-05-28,24.2,67.1,79
880,2020-05-29,23.9,75.9,105
881,2020-05-30,22.7,40.5,61
882,2020-05-31,28.0,57.2,73
883,2020-06-01,25.5,84.4,89
884,2020-06-02,29.5,73.7,94
885,2020-06-03,24.4,62.2,95
886,2020-06-04,24.7,70.4,94
887,2020-06-05,21.8,57.9,70
888,2020-06-06,25.2,59.7,63
889,2020-06-07,31.5,53.7,95
890,2020-06-08,24.6,75.0,94
891,2020-06-09,25.8,69.0,86
892,2020-06-10,22.2,50.5,57
893,2020-06-11,26.2,44.7,73
894,2020-06-12,26.6,61.1,86
895,2020-06-13,25.9,45.1,66
896,2020-06-14,24.2,50.9,77
897,2020-06-15,28.9,66.2,102
898,2020-06-16,30.6,43.2,90
899,2020-06-17,24.1,75.1,71
900,2020-06-18,26.9,47.0,69
901,2020-06-19,27.2,51.5,82
902,2020-06-20,26.8,64.6,77
903,2020-06-21,25.0,43.3,98
904,2020-06-22,24.9,56.8,93
905,2020-06-23,30.4,47.8,99
906,2020-06-24,26.0,49.0,89
907,2020-06-25,27.6,59.8,85
908,2020-06-26,24.2,61.1,77
909,2020-06-27,25.6,62.2,71
910,2020-06-28,21.5,57.5,81
911,2020-06-29,23.0,55.8,90
912,2020-06-30,26.4,62.3,84
913,2020-07-01,28.3,67.1,68
914,2020-07-02,25.4,71.3,80
915,2020-07-03,20.3,62.6,77
916,2020-07-04,25.1,53.0,85
917,2020-07-05,23.4,61.9,55
918,2020-07-06,28.3,52.1,88
919,2020-07-07,26.1,64.7,87
920,2020-07-08,24.5,66.2,81
921,2020-07-09,26.6,46.6,61
922,2020-07-10,31.3,65.9,109
923,2020-07-11,28.1,71.3,93
924,2020-07-12,28.4,71.6,95
925,2020-07-13,28.2,63.8,94
926,2020-07-14,26.0,67.9,89
927,2020-07-15,22.3,47.4,59
928,2020-07-16,24.9,70.0,84
929,2020-07-17,18.5,56.7,79
930,2020-07-18,24.1,60.2,62
931,2020-07-19,26.0,47.3,77
932,2020-07-20,22.2,53.6,81
933,2020-07-21,22.6,62.7,82
934,2020-07-22,23.2,50.5,72
935,2020-07-23,29.0,70.4,91
936,2020-07-24,28.0,61.7,74
937,2020-07-25,25.4,56.7,85
938,2020-07-26,26.2,68.8,71
939,2020-07-27,25.6,58.0,79
940,2020-07-28,24.5,61.1,77
941,2020-07-29,25.0,64.5,77
942,2020-07-30,23.7,55.9,67
943,2020-07-31,31.3,57.0,87
944,2020-08-01,25.9,66.4,68
945,2020-08-02,25.7,54.9,65
946,2020-08-03,21.9,73.2,92
947,2020-08-04,23.5,58.4,78
948,2020-08-05,26.5,55.9,73
949,2020-08-06,23.4,54.3,67
950,2020-08-07,24.0,64.8,66
951,2020-08-08,19.9,49.3,55
952,2020-08-09,20.6,82.1,93
953,2020-08-10,25.1,75.8,94
954,2020-08-11,26.1,57.5,83
955,2020-08-12,16.3,59.6,44
956,2020-08-13,24.4,57.1,92
957,2020-08-14,32.2,50.7,83
958,2020-08-15,30.4,69.4,99
959,2020-08-16,29.7,76.0,96
960,2020-08-17,18.6,53.4,64
961,2020-08-18,21.2,39.8,55
962,2020-08-19,24.0,63.0,92
963,2020-08-20,28.9,70.1,103
964,2020-08-21,24.3,60.3,81
965,2020-08-22,27.6,63.0,78
966,2020-08-23,25.9,50.1,88
967,2020-08-24,24.7,41.7,79
968,2020-08-25,25.8,40.9,81
969,2020-08-26,23.9,67.1,81
970,2020-08-27,27.7,55.0,98
971,2020-08-28,23.6,58.6,81
972,2020-08-29,23.8,60.1,46
973,2020-08-30,24.6,72.5,84
974,2020-08-31,23.1,53.4,50
975,2020-09-01,28.7,78.3,89
976,2020-09-02,24.0,49.2,59
977,2020-09-03,25.6,61.0,80
978,2020-09-04,29.5,42.2,79
979,2020-09-05,21.7,56.5,81
980,2020-09-06,21.2,47.0,67
981,2020-09-07,26.5,58.9,69
982,2020-09-08,20.7,80.0,87
983,2020-09-09,19.4,53.8,53
984,2020-09-10,28.4,73.5,98
985,2020-09-11,20.1,73.0,63
986,2020-09-12,23.2,61.0,53
987,2020-09-13,27.0,50.8,64
988,2020-09-14,29.5,74.7,89
989,2020-09-15,20.9,32.3,44
990,2020-09-16,25.0,64.8,75
991,2020-09-17,32.7,57.2,94
992,2020-09-18,24.5,67.1,86
993,2020-09-19,23.4,53.2,77
994,2020-09-20,26.6,58.3,81
995,2020-09-21,19.1,50.9,54
996,2020-09-22,26.8,47.4,71
997,2020-09-23,26.2,60.5,85
998,2020-09-24,26.7,59.1,69
999,2020-09-25,21.6,56.0,78
1000,2020-09-26,26.0,56.0,75
1001,2020-09-27,20.8,56.7,66
1002,2020-09-28,25.9,43.5,75
1003,2020-09-29,25.0,60.4,93
1004,2020-09-30,27.0,84.3,97
1005,2020-10-01,24.9,64.4,91
1006,2020-10-02,22.2,60.4,90
1007,2020-10-03,26.5,60.3,76
1008,2020-10-04,26.2,53.6,74
1009,2020-10-05,18.7,40.0,62
1010,2020-10-06,30.1,36.6,81
1011,2020-10-07,26.8,71.0,81
1012,2020-10-08,17.9,51.0,60
1013,2020-10-09,21.9,57.2,71
1014,2020-10-10,25.2,54.3,74
1015,2020-10-11,27.4,61.4,65
1016,2020-10-12,24.0,61.1,76
1017,2020-10-13,25.0,57.6,72
1018,2020-10-14,27.4,46.3,61
1019,2020-10-15,27.9,66.5,99
1020,2020-10-16,17.5,65.5,75
1021,2020-10-17,25.6,57.7,73
1022,2020-10-18,31.3,46.7,87
1023,2020-10-19,26.8,55.7,79
1024,2020-10-20,18.1,74.5,76
1025,2020-10-21,23.7,53.1,42
1026,2020-10-22,29.0,44.5,85
1027,2020-10-23,23.5,63.3,74
1028,2020-10-24,21.1,72.4,76
1029,2020-10-25,26.9,54.8,85
1030,2020-10-26,26.1,69.2,85
1031,2020-10-27,23.6,59.5,62
1032,2020-10-28,29.2,56.7,84
1033,2020-10-29,23.4,40.9,68
1034,2020-10-30,23.5,73.7,68
1035,2020-10-31,18.2,64.0,83
1036,2020-11-01,30.5,46.5,85
1037,2020-11-02,22.8,51.4,64
1038,2020-11-03,21.9,68.8,84
1039,2020-11-04,25.7,53.4,76
1040,2020-11-05,23.4,53.7,59
1041,2020-11-06,26.3,60.2,75
1042,2020-11-07,26.4,60.9,99
1043,2020-11-08,23.2,66.0,73
1044,2020-11-09,27.7,67.7,96
1045,2020-11-10,26.1,53.2,88
1046,2020-11-11,21.7,74.3,71
1047,2020-11-12,26.8,72.5,79
1048,2020-11-13,23.9,65.6,87
1049,2020-11-14,22.0,44.4,69
1050,2020-11-15,22.5,62.4,79
1051,2020-11-16,25.3,77.8,94
1052,2020-11-17,20.4,51.3,78
1053,2020-11-18,27.3,66.4,95
1054,2020-11-19,27.9,65.1,91
1055,2020-11-20,21.3,75.0,92
1056,2020-11-21,29.4,75.1,74
1057,2020-11-22,26.0,48.5,83
1058,2020-11-23,31.8,50.5,80
1059,2020-11-24,29.9,74.9,91
1060,2020-11-25,24.8,71.5,95
1061,2020-11-26,28.4,55.5,70
1062,2020-11-27,26.5,55.0,75
1063,2020-11-28,27.4,61.2,75
1064,2020-11-29,24.7,60.2,81
1065,2020-11-30,19.2,54.5,62
1066,2020-12-01,20.4,49.7,71
1067,2020-12-02,21.2,51.4,54
1068,2020-12-03,27.5,51.2,66
1069,2020-12-04,27.3,59.8,103
1070,2020-12-05,25.7,68.4,81
1071,2020-12-06,26.0,61.2,83
1072,2020-12-07,26.5,58.4,73
1073,2020-12-08,24.2,76.6,88
1074,2020-12-09,24.0,64.9,91
1075,2020-12-10,22.8,49.6,71
1076,2020-12-11,26.1,60.8,67
1077,2020-12-12,23.4,59.9,64
1078,2020-12-13,29.4,39.1,78
1079,2020-12-14,26.6,61.1,73
1080,2020-12-15,21.7,58.4,65
1081,2020-12-16,25.8,56.5,73
1082,2020-12-17,23.1,51.9,72
1083,2020-12-18,26.3,63.8,80
1084,2020-12-19,26.7,59.1,102
1085,2020-12-20,25.3,78.1,90
1086,2020-12-21,18.5,61.4,69
1087,2020-12-22,21.7,56.8,72
1088,2020-12-23,25.3,58.3,84
1089,2020-12-24,19.2,59.1,50
1090,2020-12-25,27.6,65.3,93
1091,2020-12-26,22.4,51.0,51
1092,2020-12-27,23.4,59.5,70
1093,2020-12-28,25.3,56.8,68
1094,2020-12-29,22.0,77.7,76
1095,2020-12-30,24.1,69.1,63
1096,2020-12-31,26.3,55.1,85
1097,2021-01-01,29.1,52.4,88
1098,2021-01-02,22.6,80.9,88
1099,2021-01-03,24.8,75.4,82
1100,2021-01-04,27.4,56.3,83
1101,2021-01-05,25.1,56.4,84
1102,2021-01-06,21.4,43.9,54
1103,2021-01-07,21.8,59.3,62
1104,2021-01-08,28.9,59.4,87
1105,2021-01-09,27.4,52.9,101
1106,2021-01-10,25.0,61.4,89
1107,2021-01-11,27.0,56.9,72
1108,2021-01-12,21.7,80.0,75
1109,2021-01-13,29.0,53.1,82
1110,2021-01-14,23.8,67.0,82
1111,2021-01-15,26.5,77.7,103
1112,2021-01-16,25.9,52.2,74
1113,2021-01-17,26.3,65.8,78
1114,2021-01-18,22.9,79.0,74
1115,2021-01-19,22.7,58.0,74
1116,2021-01-20,30.7,66.6,95
1117,2021-01-21,24.7,54.8,87
1118,2021-01-22,18.1,70.3,73
1119,2021-01-23,25.0,65.3,90
1120,2021-01-24,25.7,67.2,89
1121,2021-01-25,22.9,56.1,48
1122,2021-01-26,27.4,65.8,96
1123,2021-01-27,25.7,64.9,81
1124,2021-01-28,29.0,58.9,74
1125,2021-01-29,21.4,63.5,91
1126,2021-01-30,27.6,68.0,76
1127,2021-01-31,26.5,60.6,71
1128,2021-02-01,22.0,65.8,74
1129,2021-02-02,21.4,61.3,57
1130,2021-02-03,23.9,55.7,101
1131,2021-02-04,26.2,59.3,91
1132,2021-02-05,23.4,57.6,68
1133,2021-02-06,29.5,56.9,73
1134,2021-02-07,23.6,61.1,81
1135,2021-02-08,26.2,45.0,80
1136,2021-02-09,27.4,65.3,100
1137,2021-02-10,24.2,41.1,79
1138,2021-02-11,17.9,52.6,46
1139,2021-02-12,23.9,52.1,80
1140,2021-02-13,27.3,47.4,78
1141,2021-02-14,27.6,57.7,102
1142,2021-02-15,24.9,61.6,89
1143,2021-02-16,22.3,62.0,79
1144,2021-02-17,24.6,50.4,53
1145,2021-02-18,25.2,69.5,78
1146,2021-02-19,24.5,69.0,96
1147,2021-02-20,21.7,62.2,71
1148,2021-02-21,29.9,64.4,84
1149,2021-02-22,25.5,60.0,78
1150,2021-02-23,24.1,56.1,71
1151,2021-02-24,22.8,60.1,88
1152,2021-02-25,25.5,46.9,85
1153,2021-02-26,27.7,69.1,91
1154,2021-02-27,25.0,69.1,71
1155,2021-02-28,25.4,46.5,81
1156,2021-03-01,23.6,56.7,83
1157,2021-03-02,24.6,60.0,71
1158,2021-03-03,26.5,56.8,76
1159,2021-03-04,23.0,69.7,71
1160,2021-03-05,25.6,73.7,73
1161,2021-03-06,28.1,60.3,85
1162,2021-03-07,23.5,52.4,81
1163,2021-03-08,25.1,41.3,61
1164,2021-03-09,25.1,58.6,77
1165,2021-03-10,21.1,33.4,66
1166,2021-03-11,24.6,45.0,60
1167,2021-03-12,24.0,59.2,69
1168,2021-03-13,23.8,55.0,77
1169,2021-03-14,31.2,56.8,85
1170,2021-03-15,24.0,62.9,72
1171,2021-03-16,27.2,54.2,85
1172,2021-03-17,21.0,50.9,77
1173,2021-03-18,24.7,69.6,84
1174,2021-03-19,26.4,76.0,101
1175,2021-03-20,26.5,60.1,82
1176,2021-03-21,23.9,69.2,83
1177,2021-03-22,26.7,59.0,72
1178,2021-03-23,26.2,56.1,83
1179,2021-03-24,25.6,39.9,66
1180,2021-03-25,24.2,67.6,84
1181,2021-03-26,22.9,71.2,76
1182,2021-03-27,28.9,40.5,70
1183,2021-03-28,26.3,69.4,75
1184,2021-03-29,29.9,83.1,117
1185,2021-03-30,27.8,66.6,105
1186,2021-03-31,23.2,63.8,84
1187,2021-04-01,23.4,69.4,80
1188,2021-04-02,24.0,67.6,58
1189,2021-04-03,27.6,59.0,108
1190,2021-04-04,23.3,72.5,70
1191,2021-04-05,22.3,60.3,59
1192,2021-04-06,23.5,56.3,70
1193,2021-04-07,26.1,51.3,74
1194,2021-04-08,19.9,51.6,71
1195,2021-04-09,25.4,71.0,93
1196,2021-04-10,25.2,45.2,73
1197,2021-04-11,25.5,60.2,86
1198,2021-04-12,25.7,45.3,54
1199,2021-04-13,22.8,65.1,85
1200,2021-04-14,24.9,43.7,62
1201,2021-04-15,25.8,70.3,91
1202,2021-04-16,25.2,64.1,93
1203,2021-04-17,31.1,50.9,75
1204,2021-04-18,20.3,70.5,71
1205,2021-04-19,25.0,72.7,73
1206,2021-04-20,21.3,75.5,76
1207,2021-04-21,24.6,40.2,63
1208,2021-04-22,24.8,63.3,77
1209,2021-04-23,29.2,73.9,115
1210,2021-04-24,22.9,38.4,62
1211,2021-04-25,22.0,60.3,69
1212,2021-04-26,24.3,73.6,99
1213,2021-04-27,27.8,63.8,84
1214,2021-04-28,26.5,62.7,58
1215,2021-04-29,27.0,64.3,85
1216,2021-04-30,25.2,69.2,83
1217,2021-05-01,24.6,42.3,64
1218,2021-05-02,22.6,58.6,75
1219,2021-05-03,25.9,61.4,86
1220,2021-05-04,27.1,89.4,88
1221,2021-05-05,27.0,48.8,81
1222,2021-05-06,21.6,57.1,66
1223,2021-05-07,18.7,74.4,91
1224,2021-05-08,28.6,59.7,84
1225,2021-05-09,21.8,43.2,65
1226,2021-05-10,27.3,59.5,96
1227,2021-05-11,25.3,36.2,72
1228,2021-05-12,25.4,65.8,87
1229,2021-05-13,22.1,66.2,76
1230,2021-05-14,25.7,52.7,71
1231,2021-05-15,27.3,54.3,86
1232,2021-05-16,23.8,74.6,96
1233,2021-05-17,30.0,79.3,106
1234,2021-05-18,20.4,74.8,86
1235,2021-05-19,24.6,65.8,102
1236,2021-05-20,23.6,53.8,70
1237,2021-05-21,28.4,56.8,86
1238,2021-05-22,22.8,43.8,58
1239,2021-05-23,21.9,67.0,69
1240,2021-05-24,21.3,65.3,67
1241,2021-05-25,25.9,80.3,101
1242,2021-05-26,20.3,50.8,63
1243,2021-05-27,28.4,60.0,96
1244,2021-05-28,23.1,69.0,89
1245,2021-05-29,23.3,60.2,69
1246,2021-05-30,29.7,59.1,88
1247,2021-05-31,21.2,67.6,84
1248,2021-06-01,19.9,55.7,67
1249,2021-06-02,26.4,52.1,86
1250,2021-06-03,25.2,50.4,61
1251,2021-06-04,28.7,56.0,99
1252,2021-06-05,21.2,58.0,68
1253,2021-06-06,28.6,54.2,91
1254,2021-06-07,28.8,68.7,80
1255,2021-06-08,27.4,72.5,84
1256,2021-06-09,24.3,58.1,89
1257,2021-06-10,22.6,59.0,77
1258,2021-06-11,22.4,70.8,88
1259,2021-06-12,24.0,75.5,87
1260,2021-06-13,22.6,46.8,71
1261,2021-06-14,27.8,57.7,88
1262,2021-06-15,30.7,69.6,82
1263,2021-06-16,22.5,51.4,78
1264,2021-06-17,23.8,52.3,76
1265,2021-06-18,22.5,47.9,75
1266,2021-06-19,27.0,62.8,96
1267,2021-06-20,25.2,51.9,75
1268,2021-06-21,23.9,54.2,94
1269,2021-06-22,25.8,63.9,83
1270,2021-06-23,27.3,45.9,101
1271,2021-06-24,25.0,70.7,102
1272,2021-06-25,17.7,64.0,63
1273,2021-06-26,22.3,80.5,91
1274,2021-06-27,23.1,62.2,65
1275,2021-06-28,26.9,64.3,95
1276,2021-06-29,19.6,56.5,51
1277,2021-06-30,25.6,66.7,100
1278,2021-07-01,26.3,44.6,76
1279,2021-07-02,26.0,65.8,70
1280,2021-07-03,24.5,59.6,52
1281,2021-07-04,26.9,58.2,82
1282,2021-07-05,26.9,48.9,50
1283,2021-07-06,27.9,51.4,43
1284,2021-07-07,26.1,55.0,83
1285,2021-07-08,25.9,61.3,94
1286,2021-07-09,29.9,60.1,95
1287,2021-07-10,30.6,65.0,93
1288,2021-07-11,23.4,78.1,89
1289,2021-07-12,22.5,66.3,74
1290,2021-07-13,24.6,51.7,65
1291,2021-07-14,27.7,78.4,122
1292,2021-07-15,26.9,60.5,78
1293,2021-07-16,26.3,51.8,72
1294,2021-07-17,26.9,54.1,77
1295,2021-07-18,24.1,61.3,84
1296,2021-07-19,23.7,35.7,70
1297,2021-07-20,28.5,66.9,89
1298,2021-07-21,28.1,78.6,97
1299,2021-07-22,19.7,54.4,58
1300,2021-07-23,28.0,70.2,82
1301,2021-07-24,24.4,30.6,85
1302,2021-07-25,26.7,60.8,95
1303,2021-07-26,23.9,50.5,72
1304,2021-07-27,22.9,56.3,68
1305,2021-07-28,28.2,82.6,95
1306,2021-07-29,26.5,65.1,96
1307,2021-07-30,24.9,52.0,65
1308,2021-07-31,26.5,61.3,82
1309,2021-08-01,26.5,57.6,75
1310,2021-08-02,21.4,54.1,79
1311,2021-08-03,19.9,54.6,72
1312,2021-08-04,28.5,50.8,89
1313,2021-08-05,25.7,65.3,80
1314,2021-08-06,24.5,66.4,65
1315,2021-08-07,25.2,37.8,65
1316,2021-08-08,29.2,59.5,91
1317,2021-08-09,24.9,64.2,84
1318,2021-08-10,28.9,61.8,97
1319,2021-08-11,26.5,63.3,91
1320,2021-08-12,23.2,57.8,74
1321,2021-08-13,29.1,67.6,96
1322,2021-08-14,26.2,44.6,88
1323,2021-08-15,28.9,61.4,76
1324,2021-08-16,23.7,59.3,104
1325,2021-08-17,22.0,68.2,85
1326,2021-08-18,28.1,64.5,84
1327,2021-08-19,32.4,64.1,88
1328,2021-08-20,20.7,75.5,78
1329,2021-08-21,29.1,39.7,66
1330,2021-08-22,27.4,82.1,106
1331,2021-08-23,25.0,50.0,63
1332,2021-08-24,25.5,61.8,72
1333,2021-08-25,29.4,57.5,94
1334,2021-08-26,21.1,55.0,57
1335,2021-08-27,20.8,48.6,73
1336,2021-08-28,25.5,58.0,68
1337,2021-08-29,32.0,48.0,85
1338,2021-08-30,21.0,44.9,65
1339,2021-08-31,25.2,53.9,70
1340,2021-09-01,28.2,66.0,92
1341,2021-09-02,26.5,67.2,94
1342,2021-09-03,29.2,58.0,78
1343,2021-09-04,21.4,51.8,74
1344,2021-09-05,20.6,60.2,71
1345,2021-09-06,24.9,60.1,77
1346,2021-09-07,27.9,76.0,81
1347,2021-09-08,25.5,53.7,65
1348,2021-09-09,25.2,78.1,84
1349,2021-09-10,22.7,64.5,85
1350,2021-09-11,23.2,63.1,87
1351,2021-09-12,23.1,63.2,74
1352,2021-09-13,27.5,59.8,87
1353,2021-09-14,24.4,72.8,74
1354,2021-09-15,21.2,61.4,84
1355,2021-09-16,26.3,49.8,59
1356,2021-09-17,22.8,73.8,82
1357,2021-09-18,26.3,57.8,98
1358,2021-09-19,29.2,66.6,92
1359,2021-09-20,21.8,60.1,60
1360,2021-09-21,20.7,55.8,80
1361,2021-09-22,25.5,58.9,60
1362,2021-09-23,31.4,59.5,109
1363,2021-09-24,22.7,54.8,85
1364,2021-09-25,24.5,64.6,82
1365,2021-09-26,24.7,49.1,76
1366,2021-09-27,26.9,66.3,93
1367,2021-09-28,23.5,60.4,93
1368,2021-09-29,25.9,49.5,78
1369,2021-09-30,21.3,58.8,73
1370,2021-10-01,19.8,61.1,78
1371,2021-10-02,28.1,49.0,80
1372,2021-10-03,22.5,77.8,68
1373,2021-10-04,30.4,74.3,91
1374,2021-10-05,23.4,60.6,103
1375,2021-10-06,17.9,58.9,65
1376,2021-10-07,26.3,48.0,81
1377,2021-10-08,21.8,71.8,88
1378,2021-10-09,25.9,69.8,88
1379,2021-10-10,21.9,56.1,59
1380,2021-10-11,25.3,49.7,78
1381,2021-10-12,21.7,59.6,62
1382,2021-10-13,19.7,70.9,77
1383,2021-10-14,26.9,78.8,87
1384,2021-10-15,28.7,79.0,87
1385,2021-10-16,22.2,58.0,68
1386,2021-10-17,24.6,89.2,108
1387,2021-10-18,23.5,54.7,70
1388,2021-10-19,23.9,51.8,79
1389,2021-10-20,25.3,49.4,81
1390,2021-10-21,24.7,54.8,84
1391,2021-10-22,26.5,73.4,96
1392,2021-10-23,29.2,70.9,80
1393,2021-10-24,28.3,62.0,85
1394,2021-10-25,23.3,57.3,68
1395,2021-10-26,25.9,63.0,83
1396,2021-10-27,24.1,69.4,89
1397,2021-10-28,25.2,62.6,87
1398,2021-10-29,24.2,74.8,81
1399,2021-10-30,32.7,64.4,91
1400,2021-10-31,26.8,37.8,63
1401,2021-11-01,26.7,67.1,81
1402,2021-11-02,27.0,58.1,90
1403,2021-11-03,23.8,63.2,80
1404,2021-11-04,25.9,59.7,98
1405,2021-11-05,27.2,55.2,73
1406,2021-11-06,27.2,57.8,87
1407,2021-11-07,25.7,65.0,84
1408,2021-11-08,29.5,51.3,81
1409,2021-11-09,22.7,62.0,62
1410,2021-11-10,25.2,66.7,81
1411,2021-11-11,23.7,49.3,61
1412,2021-11-12,28.6,70.1,74
1413,2021-11-13,25.7,60.9,80
1414,2021-11-14,24.9,88.9,92
1415,2021-11-15,25.9,58.9,71
1416,2021-11-16,25.7,68.9,75
1417,2021-11-17,24.3,62.5,81
1418,2021-11-18,27.3,73.4,89
1419,2021-11-19,23.3,51.1,71
1420,2021-11-20,31.6,60.8,110
1421,2021-11-21,27.0,54.0,78
1422,2021-11-22,23.0,63.6,65
1423,2021-11-23,29.0,67.5,87
1424,2021-11-24,22.6,50.8,71
1425,2021-11-25,19.8,56.2,61
1426,2021-11-26,23.3,51.4,73
1427,2021-11-27,26.4,68.8,91
1428,2021-11-28,22.1,55.8,71
1429,2021-11-29,24.1,72.7,92
1430,2021-11-30,23.6,61.9,73
1431,2021-12-01,26.7,43.0,66
1432,2021-12-02,23.0,67.0,78
1433,2021-12-03,25.4,62.8,76
1434,2021-12-04,30.4,57.1,84
1435,2021-12-05,24.1,52.6,61
1436,2021-12-06,27.0,69.1,102
1437,2021-12-07,27.7,87.9,93
1438,2021-12-08,28.2,70.7,99
1439,2021-12-09,24.4,58.9,66
1440,2021-12-10,23.9,56.9,111
1441,2021-12-11,22.2,62.9,92
1442,2021-12-12,25.9,57.6,64
1443,2021-12-13,21.7,53.9,67
1444,2021-12-14,23.4,45.8,87
1445,2021-12-15,24.1,62.1,66
1446,2021-12-16,21.6,59.4,68
1447,2021-12-17,22.0,53.2,64
1448,2021-12-18,25.2,63.6,75
1449,2021-12-19,26.5,49.8,87
1450,2021-12-20,22.6,58.3,69
1451,2021-12-21,24.4,71.2,103
1452,2021-12-22,25.9,57.5,75
1453,2021-12-23,23.5,55.3,54
1454,2021-12-24,32.7,60.4,97
1455,2021-12-25,19.9,60.3,67
1456,2021-12-26,27.7,52.5,76
1457,2021-12-27,24.2,72.9,87
1458,2021-12-28,21.8,52.6,59
1459,2021-12-29,25.0,56.0,73
1460,2021-12-30,25.9,71.9,97
1461,2021-12-31,26.2,72.9,80
1462,2022-01-01,22.0,52.8,78
1463,2022-01-02,26.1,50.3,90
1464,2022-01-03,28.4,46.2,85
1465,2022-01-04,28.7,67.5,52
1466,2022-01-05,25.6,61.2,80
1467,2022-01-06,27.7,73.7,98
1468,2022-01-07,20.5,56.6,57
1469,2022-01-08,29.0,71.1,70
1470,2022-01-09,26.8,58.9,81
1471,2022-01-10,23.5,64.6,83
1472,2022-01-11,26.4,65.3,84
1473,2022-01-12,27.3,55.5,67
1474,2022-01-13,33.6,67.3,109
1475,2022-01-14,27.5,63.1,85
1476,2022-01-15,27.8,66.2,94
1477,2022-01-16,23.5,61.1,69
1478,2022-01-17,25.4,49.1,81
1479,2022-01-18,24.4,71.4,92
1480,2022-01-19,23.2,47.5,76
1481,2022-01-20,27.3,36.4,68
1482,2022-01-21,20.3,54.8,76
1483,2022-01-22,28.8,70.7,91
1484,2022-01-23,25.1,55.1,78
1485,2022-01-24,29.3,56.0,72
1486,2022-01-25,28.8,54.1,89
1487,2022-01-26,27.0,61.8,89
1488,2022-01-27,24.4,51.8,63
1489,2022-01-28,22.9,70.6,81
1490,2022-01-29,27.2,63.9,95
1491,2022-01-30,23.3,64.1,85
1492,2022-01-31,28.1,71.2,104
1493,2022-02-01,21.4,61.6,83
1494,2022-02-02,26.6,82.6,124
1495,2022-02-03,19.6,63.2,78
1496,2022-02-04,22.3,41.9,76
1497,2022-02-05,24.2,65.4,77
1498,2022-02-06,28.0,64.7,91
1499,2022-02-07,21.1,76.0,74
1500,2022-02-08,27.9,55.1,75
1501,2022-02-09,32.2,51.5,101
1502,2022-02-10,28.2,47.2,84
1503,2022-02-11,25.3,67.6,85
1504,2022-02-12,24.4,66.2,92
1505,2022-02-13,20.3,57.9,61
1506,2022-02-14,23.9,50.8,78
1507,2022-02-15,22.5,48.7,76
1508,2022-02-16,26.6,70.3,92
1509,2022-02-17,30.7,53.3,82
1510,2022-02-18,25.9,71.5,101
1511,2022-02-19,26.1,59.6,95
1512,2022-02-20,27.2,43.3,56
1513,2022-02-21,23.0,40.9,68
1514,2022-02-22,26.7,67.6,95
1515,2022-02-23,26.7,57.1,85
1516,2022-02-24,23.7,51.1,83
1517,2022-02-25,28.3,62.4,78
1518,2022-02-26,27.2,52.2,73
1519,2022-02-27,28.0,48.6,74
1520,2022-02-28,25.4,74.4,91
1521,2022-03-01,19.4,68.5,53
1522,2022-03-02,27.3,65.0,91
1523,2022-03-03,16.4,59.9,58
1524,2022-03-04,21.4,61.7,64
1525,2022-03-05,25.5,65.9,78
1526,2022-03-06,27.5,57.3,99
1527,2022-03-07,21.0,52.5,67
1528,2022-03-08,22.7,64.1,74
1529,2022-03-09,25.2,37.3,73
1530,2022-03-10,25.0,57.8,67
1531,2022-03-11,28.8,65.6,92
1532,2022-03-12,26.9,80.0,94
1533,2022-03-13,22.5,71.8,81
1534,2022-03-14,26.1,49.3,68
1535,2022-03-15,22.1,52.7,68
1536,2022-03-16,23.4,63.1,71
1537,2022-03-17,24.6,65.8,84
1538,2022-03-18,32.6,61.9,88
1539,2022-03-19,22.4,65.2,85
1540,2022-03-20,25.5,32.6,66
1541,2022-03-21,28.8,59.4,74
1542,2022-03-22,21.5,49.0,74
1543,2022-03-23,26.3,52.7,79
1544,2022-03-24,28.0,56.1,87
1545,2022-03-25,22.8,60.4,84
1546,2022-03-26,21.6,57.5,84
1547,2022-03-27,25.8,72.3,86
1548,2022-03-28,28.6,35.5,79
1549,2022-03-29,22.6,48.2,78
1550,2022-03-30,26.7,62.4,73
1551,2022-03-31,27.3,43.4,67
1552,2022-04-01,22.4,66.7,85
1553,2022-04-02,23.2,53.2,77
1554,2022-04-03,28.0,66.9,104
1555,2022-04-04,31.4,63.7,89
1556,2022-04-05,22.4,71.8,83
1557,2022-04-06,22.1,55.3,64
1558,2022-04-07,21.3,65.0,73
1559,2022-04-08,21.5,55.1,59
1560,2022-04-09,24.0,54.8,72
1561,2022-04-10,26.5,68.3,88
1562,2022-04-11,25.6,64.1,68
1563,2022-04-12,21.0,79.0,100
1564,2022-04-13,29.4,63.7,105
1565,2022-04-14,21.6,49.6,62
1566,2022-04-15,25.4,54.8,84
1567,2022-04-16,22.4,70.4,81
1568,2022-04-17,30.6,53.1,95
1569,2022-04-18,32.1,56.9,90
1570,2022-04-19,21.4,54.0,68
1571,2022-04-20,22.2,48.7,57
1572,2022-04-21,22.8,72.9,94
1573,2022-04-22,31.5,61.6,97
1574,2022-04-23,22.5,60.7,81
1575,2022-04-24,25.1,64.2,102
1576,2022-04-25,27.4,57.6,85
1577,2022-04-26,23.3,49.4,66
1578,2022-04-27,21.6,71.1,63
1579,2022-04-28,22.5,58.6,91
1580,2022-04-29,25.9,61.8,99
1581,2022-04-30,30.2,61.2,88
1582,2022-05-01,29.6,66.9,83
1583,2022-05-02,25.0,82.6,90
1584,2022-05-03,21.4,47.1,68
1585,2022-05-04,29.5,59.1,79
1586,2022-05-05,26.2,62.6,77
1587,2022-05-06,29.2,48.4,87
1588,2022-05-07,29.8,78.0,102
1589,2022-05-08,24.5,49.2,59
1590,2022-05-09,23.6,59.8,69
1591,2022-05-10,27.9,52.4,81
1592,2022-05-11,24.9,56.0,94
1593,2022-05-12,30.0,53.9,94
1594,2022-05-13,25.8,61.1,75
1595,2022-05-14,20.0,39.3,77
1596,2022-05-15,23.3,63.8,63
1597,2022-05-16,25.1,69.4,78
1598,2022-05-17,22.3,41.9,73
1599,2022-05-18,31.2,56.9,83
1600,2022-05-19,25.9,59.5,72
1601,2022-05-20,24.0,64.2,61
1602,2022-05-21,25.0,54.4,78
1603,2022-05-22,27.1,66.9,81
1604,2022-05-23,25.7,44.7,85
1605,2022-05-24,29.1,42.8,81
1606,2022-05-25,28.7,60.3,92
1607,2022-05-26,24.2,55.6,73
1608,2022-05-27,27.8,77.9,97
1609,2022-05-28,25.2,77.7,75
1610,2022-05-29,24.6,54.6,80
1611,2022-05-30,25.5,65.9,57
1612,2022-05-31,30.3,61.2,82
1613,2022-06-01,23.7,64.6,91
1614,2022-06-02,29.9,59.9,91
1615,2022-06-03,25.7,58.0,91
1616,2022-06-04,23.2,49.1,81
1617,2022-06-05,20.7,63.0,76
1618,2022-06-06,25.8,64.4,88
1619,2022-06-07,18.7,51.5,64
1620,2022-06-08,29.6,62.6,85
1621,2022-06-09,21.8,79.1,86
1622,2022-06-10,25.0,52.7,79
1623,2022-06-11,31.4,57.9,82
1624,2022-06-12,30.1,55.7,82
1625,2022-06-13,25.8,52.1,80
1626,2022-06-14,26.3,48.4,82
1627,2022-06-15,22.5,64.3,63
1628,2022-06-16,27.8,62.5,73
1629,2022-06-17,27.5,46.8,84
1630,2022-06-18,20.8,50.9,75
1631,2022-06-19,31.3,56.1,93
1632,2022-06-20,22.1,65.6,82
1633,2022-06-21,23.1,64.9,71
1634,2022-06-22,24.1,66.3,86
1635,2022-06-23,26.4,58.5,70
1636,2022-06-24,24.8,66.7,77
1637,2022-06-25,22.6,51.6,77
1638,2022-06-26,20.6,50.2,68
1639,2022-06-27,25.2,65.0,83
1640,2022-06-28,18.0,63.8,62
1641,2022-06-29,29.3,55.2,101
1642,2022-06-30,21.5,57.8,53
1643,2022-07-01,23.8,47.6,74
1644,2022-07-02,20.2,67.9,67
1645,2022-07-03,24.5,78.3,92
1646,2022-07-04,25.8,43.0,78
1647,2022-07-05,28.1,48.7,65
1648,2022-07-06,30.4,51.9,90
1649,2022-07-07,30.2,50.8,87
1650,2022-07-08,24.3,48.7,76
1651,2022-07-09,27.5,53.6,77
1652,2022-07-10,30.0,66.8,79
1653,2022-07-11,25.7,56.2,74
1654,2022-07-12,23.6,71.9,72
1655,2022-07-13,20.2,50.4,71
1656,2022-07-14,23.9,71.4,83
1657,2022-07-15,22.9,56.0,74
1658,2022-07-16,25.5,51.0,78
1659,2022-07-17,23.8,57.3,66
1660,2022-07-18,21.7,45.2,67
1661,2022-07-19,24.9,44.3,79
1662,2022-07-20,22.3,60.8,82
1663,2022-07-21,26.5,63.9,93
1664,2022-07-22,24.8,46.9,70
1665,2022-07-23,25.0,56.1,82
1666,2022-07-24,31.5,69.1,85
1667,2022-07-25,26.3,57.6,92
1668,2022-07-26,23.3,63.7,87
1669,2022-07-27,23.9,73.6,88
1670,2022-07-28,23.3,68.5,95
1671,2022-07-29,29.3,50.0,78
1672,2022-07-30,26.9,52.4,65
1673,2022-07-31,27.1,55.2,79
1674,2022-08-01,26.7,72.7,87
1675,2022-08-02,17.7,62.5,59
1676,2022-08-03,24.8,56.1,49
1677,2022-08-04,25.1,78.9,76
1678,2022-08-05,22.8,57.3,67
1679,2022-08-06,29.1,40.1,71
1680,2022-08-07,27.1,56.8,84
1681,2022-08-08,26.8,56.1,94
1682,2022-08-09,27.5,60.6,91
1683,2022-08-10,30.1,51.8,78
1684,2022-08-11,22.5,67.9,76
1685,2022-08-12,26.7,84.0,101
1686,2022-08-13,22.0,70.7,62
1687,2022-08-14,27.2,61.6,85
1688,2022-08-15,29.0,50.2,92
1689,2022-08-16,31.1,54.6,72
1690,2022-08-17,28.6,62.3,92
1691,2022-08-18,29.7,71.2,101
1692,2022-08-19,25.5,66.9,72
1693,2022-08-20,25.1,59.9,78
1694,2022-08-21,25.1,57.8,79
1695,2022-08-22,25.6,59.8,82
1696,2022-08-23,25.2,62.8,90
1697,2022-08-24,24.0,55.3,95
1698,2022-08-25,26.4,63.4,98
1699,2022-08-26,27.6,61.0,88
1700,2022-08-27,24.9,66.5,88
1701,2022-08-28,28.1,55.6,88
1702,2022-08-29,25.4,58.1,78
1703,2022-08-30,24.5,66.5,85
1704,2022-08-31,26.4,60.1,111
1705,2022-09-01,26.9,63.5,93
1706,2022-09-02,25.8,73.7,85
1707,2022-09-03,23.7,47.6,80
1708,2022-09-04,27.8,76.8,72
1709,2022-09-05,23.5,52.2,79
1710,2022-09-06,24.0,63.3,86
1711,2022-09-07,27.6,50.6,87
1712,2022-09-08,22.9,45.2,66
1713,2022-09-09,20.0,63.3,72
1714,2022-09-10,24.4,72.7,86
1715,2022-09-11,26.5,64.2,108
1716,2022-09-12,29.8,57.3,95
1717,2022-09-13,22.5,59.0,52
1718,2022-09-14,18.7,61.2,71
1719,2022-09-15,22.7,71.1,75
1720,2022-09-16,20.2,72.2,95
1721,2022-09-17,28.5,72.6,102
1722,2022-09-18,25.7,53.3,78
1723,2022-09-19,17.7,67.5,75
1724,2022-09-20,22.0,54.4,56
1725,2022-09-21,21.7,75.4,76
1726,2022-09-22,15.6,79.7,72
1727,2022-09-23,21.5,59.8,86
1728,2022-09-24,25.0,68.9,94
1729,2022-09-25,25.3,52.3,75
1730,2022-09-26,19.8,59.2,69
1731,2022-09-27,27.0,50.9,82
1732,2022-09-28,27.5,66.4,83
1733,2022-09-29,20.8,61.8,69
1734,2022-09-30,25.5,54.2,88
1735,2022-10-01,25.1,51.4,81
1736,2022-10-02,33.9,65.6,95
1737,2022-10-03,16.4,47.4,57
1738,2022-10-04,21.8,54.0,90
1739,2022-10-05,23.4,56.0,64
1740,2022-10-06,24.5,61.2,94
1741,2022-10-07,24.1,61.6,68
1742,2022-10-08,25.4,65.4,71
1743,2022-10-09,28.8,57.7,84
1744,2022-10-10,23.5,73.0,101
1745,2022-10-11,25.6,71.1,74
1746,2022-10-12,26.0,75.2,95
1747,2022-10-13,22.4,42.3,58
1748,2022-10-14,24.0,60.3,78
1749,2022-10-15,23.8,68.6,86
1750,2022-10-16,27.6,49.1,86
1751,2022-10-17,20.7,55.2,86
1752,2022-10-18,26.6,47.6,63
1753,2022-10-19,17.9,65.3,70
1754,2022-10-20,28.2,56.4,74
1755,2022-10-21,22.5,59.2,67
1756,2022-10-22,31.4,73.1,100
1757,2022-10-23,25.4,52.7,78
1758,2022-10-24,25.0,74.3,83
1759,2022-10-25,23.1,52.2,64
1760,2022-10-26,25.7,66.9,73
1761,2022-10-27,22.5,40.4,59
1762,2022-10-28,27.6,36.6,45
1763,2022-10-29,20.6,61.5,67
1764,2022-10-30,28.7,67.7,89
1765,2022-10-31,25.5,66.9,84
1766,2022-11-01,26.4,61.9,82
1767,2022-11-02,22.2,44.6,72
1768,2022-11-03,30.9,60.0,100
1769,2022-11-04,29.2,59.0,95
1770,2022-11-05,28.0,55.6,87
1771,2022-11-06,20.3,73.7,58
1772,2022-11-07,25.6,57.0,83
1773,2022-11-08,28.3,56.6,71
1774,2022-11-09,19.1,62.6,76
1775,2022-11-10,24.7,61.9,78
1776,2022-11-11,24.8,67.8,85
1777,2022-11-12,23.7,61.9,85
1778,2022-11-13,26.1,40.3,78
1779,2022-11-14,28.3,45.6,79
1780,2022-11-15,28.5,51.5,82
1781,2022-11-16,23.1,58.0,75
1782,2022-11-17,23.3,62.1,88
1783,2022-11-18,25.2,60.0,92
1784,2022-11-19,27.1,60.0,92
1785,2022-11-20,19.8,77.7,82
1786,2022-11-21,30.4,54.4,92
1787,2022-11-22,24.6,63.0,84
1788,2022-11-23,27.4,59.7,74
1789,2022-11-24,28.4,64.6,94
1790,2022-11-25,26.4,71.5,76
1791,2022-11-26,26.2,64.2,86
1792,2022-11-27,25.6,61.4,68
1793,2022-11-28,21.9,53.7,69
1794,2022-11-29,25.8,70.5,84
1795,2022-11-30,25.7,66.9,94
1796,2022-12-01,23.3,62.3,66
1797,2022-12-02,24.9,51.2,69
1798,2022-12-03,19.3,48.9,63
1799,2022-12-04,27.6,53.9,68
1800,2022-12-05,30.9,56.5,82
1801,2022-12-06,25.4,48.5,81
1802,2022-12-07,23.4,64.6,67
1803,2022-12-08,27.3,68.8,89
1804,2022-12-09,26.1,64.1,80
1805,2022-12-10,23.8,42.7,85
1806,2022-12-11,22.7,61.3,90
1807,2022-12-12,26.2,50.9,74
1808,2022-12-13,25.9,50.7,78
1809,2022-12-14,20.6,61.8,87
1810,2022-12-15,27.6,58.6,85
1811,2022-12-16,24.4,52.4,76
1812,2022-12-17,27.0,50.7,86
1813,2022-12-18,28.1,47.5,86
1814,2022-12-19,24.5,53.2,80
1815,2022-12-20,23.0,68.0,66
1816,2022-12-21,25.1,48.0,83
1817,2022-12-22,25.4,72.2,75
1818,2022-12-23,27.5,62.6,102
1819,2022-12-24,23.4,50.3,76
1820,2022-12-25,26.3,58.6,92
1821,2022-12-26,22.7,42.1,57
1822,2022-12-27,25.5,54.9,68
1823,2022-12-28,27.6,70.5,97
1824,2022-12-29,21.8,47.7,79
1825,2022-12-30,29.8,57.4,73
1826,2022-12-31,25.6,59.0,86
1827,2023-01-01,24.9,58.2,72
